id,is_team1_won
2,0
3,0
7,0
9,1
11,0
21,0
22,0
28,1
29,0
30,1
34,1
35,0
39,1
43,0
44,1
50,0
52,0
53,0
57,0
58,1
63,1
64,1
65,1
66,1
67,1
69,0
70,0
78,1
81,0
82,0
83,0
85,1
88,0
89,0
90,0
96,1
98,0
99,1
100,0
101,0
105,1
107,0
110,0
112,1
116,1
122,1
124,1
125,0
126,1
127,0
128,0
129,0
132,1
134,0
135,0
136,0
142,1
143,0
144,1
149,1
150,0
157,0
158,0
163,1
165,0
166,1
167,1
168,0
170,1
171,0
175,0
176,1
178,0
180,0
181,0
183,0
185,0
186,1
192,0
195,0
196,0
197,1
199,0
201,0
203,1
206,1
207,1
209,0
213,1
218,1
219,0
220,0
222,0
227,1
229,0
230,1
231,1
232,0
235,0
237,0
238,0
242,1
244,0
247,1
248,1
260,1
262,0
263,1
266,0
268,1
270,0
271,1
272,0
276,0
283,0
284,0
285,0
289,0
291,0
292,0
293,0
295,1
301,0
304,1
306,1
307,0
308,0
309,1
311,1
314,1
317,1
322,0
325,0
327,0
329,0
331,0
332,0
335,1
339,1
340,1
344,1
348,1
349,0
352,1
354,1
357,0
359,0
360,0
362,0
364,0
367,1
372,0
378,0
380,1
381,1
383,0
387,1
389,0
390,1
391,0
392,1
395,0
396,1
397,1
399,1
403,0
404,0
406,0
409,1
411,0
416,0
422,0
425,1
426,1
430,0
432,1
434,1
437,1
438,0
440,0
443,1
444,0
445,0
447,0
448,0
449,0
451,1
452,1
458,0
459,0
460,0
462,0
465,1
466,0
470,0
475,0
477,1
478,1
479,0
480,1
482,0
485,0
492,1
493,1
496,0
497,0
499,0
504,0
508,0
509,1
513,0
516,1
518,0
519,0
520,0
522,1
529,0
531,1
535,0
538,1
539,1
541,1
542,0
544,1
546,1
548,1
549,0
550,0
552,0
554,1
555,1
559,1
562,0
564,0
565,1
566,0
568,0
569,1
574,0
579,0
580,1
581,1
584,0
586,1
589,1
590,0
593,0
596,0
600,0
602,1
603,1
604,0
605,1
607,1
609,1
611,0
612,0
615,0
617,1
619,1
620,0
622,1
624,0
631,1
632,0
636,1
639,0
640,1
642,0
646,0
653,0
655,1
656,1
657,0
660,0
663,1
664,0
665,1
667,0
668,1
671,0
675,1
676,1
679,0
680,1
681,1
684,1
689,1
690,1
693,1
694,0
695,0
696,0
697,1
698,0
700,1
701,0
703,1
706,1
707,0
709,0
712,0
715,1
716,0
721,0
726,0
727,0
731,0
732,1
736,0
739,1
740,0
746,0
749,1
750,0
751,1
752,1
753,0
754,0
755,1
756,0
757,0
758,0
760,0
761,0
763,1
770,0
779,0
782,0
785,1
786,0
787,0
788,0
794,1
795,0
800,0
802,1
804,0
805,1
806,1
810,0
811,0
813,0
815,1
817,0
819,0
821,0
823,0
824,0
825,1
826,0
827,0
829,0
830,1
831,0
832,0
834,0
835,0
836,1
839,0
840,1
841,0
844,1
845,1
846,0
849,0
853,0
858,1
861,0
862,0
865,1
867,1
869,0
870,0
872,1
873,0
874,1
876,0
877,0
878,1
879,0
883,0
887,0
892,0
893,1
894,0
895,1
899,0
904,0
906,0
908,0
909,1
914,0
915,1
916,1
920,0
924,1
925,1
927,0
935,0
937,0
941,1
942,1
943,0
945,0
946,1
947,0
948,1
952,0
954,1
955,1
956,1
957,0
960,1
965,0
967,1
969,1
973,0
976,0
978,1
980,1
981,1
983,0
986,1
987,0
991,1
993,1
995,0
996,0
999,1
1002,1
1003,0
1005,0
1008,0
1017,1
1018,0
1021,1
1022,0
1025,0
1026,1
1027,1
1031,1
1032,0
1037,0
1039,1
1041,1
1042,0
1043,0
1044,0
1047,0
1048,0
1049,0
1051,1
1059,0
1060,0
1061,1
1062,1
1063,0
1064,0
1066,0
1067,1
1070,1
1071,0
1072,0
1073,0
1074,0
1081,1
1083,0
1086,0
1087,1
1089,0
1091,1
1092,1
1093,0
1098,1
1101,0
1104,0
1106,0
1108,1
1110,0
1113,0
1117,1
1119,1
1121,0
1123,0
1132,0
1136,1
1141,0
1145,0
1146,1
1148,1
1149,0
1150,0
1152,1
1154,1
1156,0
1161,0
1163,0
1166,1
1169,0
1174,1
1175,0
1176,0
1177,1
1179,1
1181,1
1184,0
1185,0
1186,1
1187,1
1188,1
1194,0
1195,0
1197,1
1199,0
1202,1
1204,1
1205,0
1206,0
1208,0
1211,0
1222,0
1223,0
1226,1
1227,0
1229,1
1232,1
1234,1
1237,1
1239,1
1241,0
1244,0
1246,0
1252,1
1253,1
1258,0
1260,1
1266,0
1267,0
1275,0
1278,1
1282,0
1283,0
1286,1
1289,1
1290,0
1292,0
1294,1
1295,0
1297,0
1301,1
1303,0
1304,1
1307,1
1309,0
1313,1
1315,1
1317,0
1318,0
1322,0
1325,0
1326,0
1331,1
1333,0
1335,0
1337,0
1339,0
1341,0
1343,0
1344,1
1346,1
1347,1
1349,1
1353,1
1354,0
1358,1
1359,0
1360,1
1361,0
1362,1
1371,1
1372,1
1374,1
1377,0
1378,1
1381,0
1382,0
1384,0
1386,1
1388,0
1389,1
1390,0
1394,0
1397,0
1398,0
1400,1
1404,1
1407,0
1412,0
1417,0
1418,0
1422,1
1428,1
1429,0
1430,0
1433,0
1435,0
1436,1
1438,1
1440,1
1441,0
1442,0
1448,0
1449,0
1454,0
1457,0
1458,1
1460,1
1462,0
1466,0
1470,1
1471,1
1473,1
1474,0
1475,1
1476,0
1477,0
1480,1
1483,1
1484,1
1486,1
1487,1
1488,1
1490,0
1491,1
1495,1
1499,1
1504,1
1505,0
1506,1
1507,1
1510,0
1512,1
1513,1
1515,1
1516,0
1518,1
1519,1
1520,0
1523,1
1525,0
1530,0
1533,1
1538,0
1539,1
1541,0
1545,0
1547,0
1548,0
1549,1
1551,0
1560,0
1562,0
1564,0
1568,0
1571,0
1572,0
1573,0
1574,0
1575,0
1577,0
1581,1
1583,0
1586,1
1587,0
1594,0
1595,0
1596,0
1602,1
1604,1
1605,1
1606,0
1607,0
1610,0
1614,0
1615,0
1616,0
1617,0
1619,0
1621,1
1623,0
1625,0
1629,0
1631,0
1634,0
1636,0
1637,0
1638,0
1642,0
1644,1
1646,0
1647,1
1651,1
1653,0
1656,1
1657,1
1659,0
1663,0
1664,1
1665,1
1670,0
1671,1
1672,1
1674,1
1678,0
1681,1
1682,0
1683,0
1685,0
1692,0
1696,1
1698,0
1702,0
1703,0
1704,1
1706,1
1707,0
1708,0
1711,1
1712,0
1722,0
1723,0
1729,0
1732,1
1734,1
1735,1
1739,1
1741,0
1746,0
1748,1
1751,1
1752,0
1753,0
1754,0
1757,0
1760,0
1762,1
1766,1
1767,1
1769,0
1772,0
1774,0
1777,1
1778,1
1780,1
1782,0
1783,1
1786,0
1788,1
1792,0
1794,0
1796,1
1798,0
1803,1
1804,0
1806,1
1811,1
1813,0
1815,0
1817,0
1821,1
1822,0
1825,1
1826,0
1829,0
1830,0
1832,1
1833,1
1835,1
1838,0
1843,1
1844,0
1848,1
1849,1
1850,1
1851,1
1855,1
1857,1
1859,1
1863,1
1864,1
1866,1
1867,1
1868,1
1870,0
1872,1
1880,1
1881,1
1883,1
1885,1
1888,0
1889,1
1890,0
1891,1
1892,1
1894,1
1896,0
1902,0
1903,0
1904,1
1907,0
1909,1
1914,0
1916,0
1919,1
1922,0
1923,1
1926,1
1928,0
1930,1
1932,1
1936,1
1938,0
1940,1
1941,0
1945,1
1947,0
1951,0
1953,0
1954,0
1959,0
1963,1
1965,0
1971,1
1974,0
1975,1
1977,0
1981,1
1983,1
1985,1
1986,0
1987,0
1988,0
1990,0
1997,1
2000,1
2005,0
2007,1
2009,0
2010,0
2013,0
2014,0
2015,0
2016,0
2019,1
2020,1
2021,1
2023,0
2026,0
2029,1
2039,0
2043,0
2052,1
2053,1
2066,1
2073,1
2074,1
2077,0
2082,0
2083,0
2084,0
2089,1
2090,0
2092,0
2094,0
2096,1
2097,1
2098,0
2099,1
2100,1
2105,1
2106,0
2107,0
2113,1
2122,1
2126,1
2127,0
2130,1
2132,1
2133,0
2136,0
2137,1
2139,1
2142,0
2144,1
2146,0
2147,1
2149,0
2151,0
2152,1
2158,1
2160,0
2165,1
2167,1
2168,0
2169,1
2171,0
2173,1
2175,0
2176,0
2178,1
2181,1
2190,1
2192,0
2194,1
2205,0
2209,1
2213,0
2217,0
2219,0
2226,0
2228,0
2229,0
2230,0
2233,0
2235,0
2236,0
2237,0
2245,1
2246,0
2247,1
2250,1
2256,0
2261,1
2264,0
2266,1
2267,0
2270,0
2271,0
2273,0
2278,1
2279,1
2281,1
2286,0
2287,1
2292,0
2295,0
2296,1
2297,0
2299,0
2300,0
2307,1
2311,0
2314,0
2321,1
2322,1
2327,1
2328,1
2330,0
2331,0
2332,0
2333,0
2334,0
2338,0
2341,0
2345,0
2350,0
2352,1
2359,0
2361,0
2364,1
2369,0
2370,1
2376,1
2377,0
2379,1
2380,0
2382,1
2383,1
2386,0
2387,0
2391,0
2393,0
2394,0
2395,0
2396,1
2397,0
2399,1
2403,1
2406,1
2407,0
2408,1
2409,1
2412,1
2413,0
2415,0
2416,0
2418,0
2420,0
2423,0
2424,0
2426,0
2427,1
2428,1
2430,1
2431,1
2432,0
2433,1
2436,0
2437,0
2439,0
2443,0
2444,0
2446,0
2447,0
2448,1
2450,1
2451,0
2452,1
2457,0
2460,1
2467,0
2468,1
2469,1
2470,0
2471,0
2472,0
2474,0
2475,0
2478,0
2479,0
2480,0
2481,0
2482,1
2483,0
2486,0
2488,1
2490,1
2492,1
2495,0
2496,1
2499,0
2500,1
2501,1
2502,0
2512,0
2515,1
2517,0
2518,0
2522,0
2525,1
2527,0
2531,0
2532,0
2534,1
2535,1
2536,1
2538,0
2539,0
2541,1
2543,1
2545,0
2546,1
2547,1
2548,1
2551,1
2552,0
2553,0
2555,0
2562,1
2568,0
2569,0
2573,1
2577,0
2578,0
2580,0
2581,0
2584,0
2587,1
2588,1
2589,0
2591,0
2592,0
2594,1
2598,1
2600,0
2602,1
2604,0
2605,0
2610,1
2612,0
2613,0
2614,1
2615,0
2618,1
2619,0
2620,0
2627,1
2630,1
2632,1
2633,0
2635,1
2641,1
2642,1
2646,0
2649,0
2654,0
2662,0
2663,0
2664,1
2667,0
2668,0
2670,1
2671,0
2672,0
2674,1
2676,0
2677,1
2678,0
2679,1
2682,1
2686,1
2688,0
2691,0
2694,1
2698,1
2699,0
2701,0
2702,0
2706,0
2709,0
2710,0
2716,1
2719,1
2720,1
2721,1
2723,1
2727,0
2728,0
2734,0
2735,1
2736,0
2741,0
2742,1
2749,0
2752,1
2757,1
2758,1
2759,0
2761,0
2764,0
2766,1
2769,0
2773,0
2774,0
2778,0
2780,1
2786,1
2790,0
2791,1
2794,0
2795,0
2797,0
2799,1
2800,0
2801,1
2804,0
2805,1
2807,0
2808,1
2810,1
2814,1
2819,0
2825,1
2827,0
2832,0
2835,0
2837,1
2838,1
2839,0
2840,0
2845,1
2846,0
2852,1
2854,0
2859,0
2860,1
2861,0
2862,1
2865,1
2866,1
2869,1
2871,0
2872,1
2873,0
2880,0
2881,1
2882,1
2884,0
2885,0
2889,0
2894,0
2895,1
2896,1
2898,1
2901,1
2905,0
2906,0
2908,0
2909,0
2910,1
2914,1
2915,0
2918,0
2919,1
2922,0
2924,0
2925,1
2927,1
2931,0
2932,1
2938,1
2940,1
2943,1
2944,0
2946,1
2951,1
2959,0
2961,0
2962,1
2963,1
2965,0
2966,1
2967,0
2968,0
2970,0
2972,0
2974,1
2975,0
2976,0
2978,1
2983,1
2984,1
2990,1
2995,0
2996,1
3000,1
3004,0
3009,0
3015,1
3016,0
3017,1
3021,0
3024,1
3025,1
3026,1
3027,0
3028,0
3030,0
3031,0
3032,0
3033,1
3037,0
3038,0
3039,1
3043,1
3045,0
3047,0
3051,0
3055,0
3060,1
3063,0
3065,0
3070,1
3072,0
3075,1
3076,0
3078,1
3079,0
3080,0
3082,0
3083,0
3084,1
3093,0
3094,1
3096,1
3099,1
3100,0
3101,1
3103,1
3107,0
3112,0
3115,0
3118,0
3119,1
3120,0
3124,1
3129,0
3130,1
3138,0
3143,0
3147,1
3148,1
3152,0
3155,0
3156,0
3161,1
3162,0
3166,0
3168,0
3170,0
3174,1
3177,1
3185,1
3186,0
3189,1
3190,0
3192,1
3193,1
3197,1
3198,1
3200,1
3210,0
3211,0
3212,0
3215,1
3216,1
3218,1
3221,1
3223,0
3224,0
3230,1
3233,1
3235,0
3236,1
3237,0
3239,0
3241,0
3243,1
3245,0
3246,0
3248,1
3249,0
3250,1
3253,0
3256,1
3261,1
3266,0
3268,1
3270,0
3271,1
3273,0
3277,1
3280,1
3281,0
3282,1
3284,0
3287,0
3288,0
3289,0
3291,1
3293,0
3295,0
3298,0
3300,1
3304,1
3305,1
3306,0
3309,1
3310,1
3314,0
3317,1
3318,0
3319,0
3323,1
3324,1
3327,0
3328,1
3331,0
3335,1
3337,0
3339,0
3341,1
3346,0
3348,0
3350,0
3354,1
3356,0
3361,1
3366,0
3368,1
3369,1
3372,1
3373,1
3379,1
3385,1
3393,0
3395,0
3399,0
3400,0
3403,1
3405,0
3410,0
3412,1
3415,0
3416,1
3418,1
3420,1
3421,0
3422,0
3431,1
3432,0
3433,0
3435,1
3438,1
3446,0
3447,0
3448,1
3449,0
3452,0
3453,0
3456,1
3459,1
3462,1
3467,1
3469,1
3470,1
3473,1
3474,0
3476,0
3477,1
3479,0
3483,1
3485,1
3487,1
3496,0
3499,1
3501,0
3502,1
3504,1
3505,0
3507,0
3508,1
3510,0
3511,0
3514,0
3516,1
3524,1
3525,1
3530,0
3532,0
3533,0
3535,0
3536,0
3537,0
3539,1
3545,0
3547,0
3548,1
3550,0
3552,0
3560,0
3564,1
3567,1
3573,1
3576,0
3577,0
3581,0
3585,0
3590,1
3592,1
3593,0
3594,0
3601,1
3604,0
3608,0
3609,1
3614,0
3616,1
3621,0
3622,1
3628,0
3630,0
3631,0
3632,0
3639,0
3640,0
3644,0
3646,1
3650,1
3658,0
3660,0
3661,0
3662,0
3665,0
3666,1
3670,0
3673,0
3674,0
3675,1
3679,0
3683,1
3685,0
3687,0
3688,0
3689,0
3693,0
3696,1
3698,1
3699,0
3701,1
3702,1
3703,1
3707,0
3708,1
3711,1
3719,1
3720,0
3721,1
3724,0
3725,1
3727,1
3728,0
3733,0
3734,1
3735,1
3736,1
3737,0
3743,0
3745,1
3747,1
3751,0
3752,0
3759,1
3762,1
3763,1
3764,0
3767,1
3771,0
3772,1
3774,1
3775,1
3776,0
3780,0
3786,0
3787,0
3793,1
3795,1
3796,1
3799,1
3805,0
3806,0
3807,0
3809,0
3813,0
3814,1
3815,0
3818,0
3821,1
3826,1
3827,1
3828,1
3829,1
3830,0
3831,0
3833,0
3837,1
3844,1
3845,0
3846,0
3847,1
3851,0
3853,1
3855,1
3860,1
3868,0
3870,1
3871,0
3878,0
3881,1
3882,1
3883,0
3885,0
3886,0
3889,1
3890,1
3892,1
3895,0
3896,0
3897,1
3904,0
3905,1
3907,0
3908,0
3909,1
3910,1
3914,1
3918,1
3919,0
3924,0
3925,1
3928,1
3929,1
3931,0
3933,1
3938,0
3941,1
3942,1
3943,0
3945,0
3948,0
3950,0
3951,1
3954,0
3955,0
3956,0
3959,0
3961,1
3963,0
3964,0
3967,0
3970,1
3981,1
3983,0
3984,0
3986,0
3989,1
3990,1
3991,1
3995,0
4001,1
4002,1
4003,0
4013,0
4016,1
4017,0
4018,1
4025,1
4027,0
4030,1
4031,0
4033,0
4034,0
4036,0
4038,0
4041,1
4044,1
4046,0
4047,1
4053,1
4062,0
4064,0
4068,0
4069,0
4072,1
4073,0
4076,1
4077,1
4078,0
4086,0
4089,1
4091,1
4092,0
4094,1
4095,0
4100,0
4102,0
4105,1
4107,1
4109,1
4110,0
4118,1
4122,0
4126,0
4128,1
4129,1
4134,1
4137,0
4143,1
4153,0
4154,0
4158,1
4161,1
4166,1
4170,1
4173,0
4174,0
4176,1
4179,0
4185,1
4187,0
4190,1
4192,0
4196,0
4200,0
4201,0
4206,0
4209,0
4210,0
4212,1
4215,1
4217,0
4219,0
4223,1
4225,1
4232,0
4237,1
4240,0
4243,0
4244,1
4246,1
4247,1
4248,1
4250,1
4252,1
4254,1
4257,1
4258,1
4260,0
4261,0
4262,1
4263,0
4270,0
4271,0
4272,1
4273,1
4276,0
4279,1
4280,0
4281,0
4284,1
4286,0
4289,0
4296,1
4297,0
4298,1
4299,1
4300,1
4304,0
4306,1
4309,0
4311,0
4312,0
4316,0
4321,1
4327,1
4333,0
4335,0
4344,0
4349,0
4352,1
4357,0
4363,0
4372,0
4373,1
4374,0
4375,0
4378,0
4382,0
4384,0
4391,0
4393,0
4394,0
4395,0
4396,0
4400,0
4402,1
4404,1
4409,0
4410,0
4413,0
4417,0
4419,0
4420,0
4421,0
4423,1
4427,1
4428,1
4429,0
4432,0
4433,0
4435,1
4441,1
4443,1
4446,0
4451,1
4453,0
4454,0
4455,1
4456,1
4458,0
4460,0
4463,0
4467,0
4468,0
4469,1
4471,0
4473,1
4477,1
4479,1
4480,0
4481,0
4483,1
4484,1
4485,0
4486,1
4489,1
4490,0
4491,0
4493,0
4494,0
4496,0
4500,0
4502,0
4504,1
4506,1
4509,1
4510,0
4511,0
4514,1
4515,1
4517,0
4518,0
4519,1
4521,1
4525,1
4528,0
4532,0
4535,0
4541,0
4543,1
4545,0
4546,1
4551,1
4552,0
4554,1
4557,1
4562,0
4564,1
4565,1
4569,0
4570,1
4572,0
4575,1
4576,1
4578,0
4579,0
4580,1
4585,1
4589,0
4591,1
4597,0
4598,0
4601,1
4602,1
4603,0
4606,1
4608,0
4611,1
4614,0
4616,1
4625,1
4630,1
4631,0
4633,0
4634,1
4635,1
4636,1
4638,1
4640,0
4641,0
4643,1
4646,1
4647,1
4648,0
4649,1
4651,1
4652,0
4656,1
4663,0
4666,0
4669,0
4670,1
4671,0
4673,1
4677,0
4680,0
4682,0
4683,0
4684,0
4687,0
4690,1
4692,1
4701,0
4705,0
4706,0
4708,0
4710,0
4714,1
4715,1
4716,0
4719,0
4726,1
4727,1
4728,1
4730,1
4732,1
4736,1
4743,1
4746,1
4747,0
4748,1
4749,0
4751,0
4752,0
4755,0
4758,0
4772,0
4776,0
4779,0
4780,0
4786,0
4787,1
4788,1
4792,1
4794,0
4802,0
4803,0
4806,0
4807,0
4809,0
4811,1
4814,1
4816,0
4817,1
4820,0
4821,1
4822,1
4824,0
4831,0
4832,0
4840,0
4843,1
4844,1
4849,0
4851,0
4855,1
4856,0
4857,0
4861,0
4865,0
4871,1
4878,1
4881,0
4884,1
4885,0
4887,0
4891,1
4893,1
4894,1
4895,0
4896,0
4899,0
4901,1
4902,1
4904,0
4906,1
4913,1
4918,1
4919,0
4920,0
4921,0
4922,0
4924,0
4928,0
4930,0
4933,1
4935,0
4936,0
4938,0
4943,1
4945,0
4953,1
4955,0
4959,1
4962,1
4964,0
4965,1
4967,1
4968,0
4969,0
4974,0
4975,0
4976,1
4980,0
4981,0
4985,0
4987,1
4988,0
4989,0
4990,1
4991,1
4992,0
4994,1
4995,1
4997,0
4998,1
5001,0
5002,0
5004,1
5009,0
5010,1
5013,1
5014,0
5017,1
5020,1
5023,0
5024,1
5026,0
5028,1
5029,1
5031,0
5035,1
5036,0
5037,1
5040,0
5041,0
5042,0
5043,1
5044,0
5046,0
5048,1
5049,0
5052,0
5055,1
5060,0
5062,0
5063,1
5064,1
5065,1
5066,0
5070,0
5073,1
5074,0
5076,1
5077,0
5079,0
5080,0
5087,0
5094,0
5095,1
5100,0
5101,1
5103,0
5110,0
5112,0
5113,1
5116,0
5122,0
5123,0
5126,0
5128,1
5131,0
5136,0
5137,0
5143,0
5148,1
5149,0
5150,0
5152,0
5153,1
5154,0
5155,0
5158,1
5159,1
5162,1
5163,1
5164,0
5166,1
5167,0
5172,0
5173,1
5174,0
5176,0
5177,1
5183,1
5185,0
5190,0
5191,1
5195,1
5197,0
5198,1
5199,1
5201,0
5203,0
5207,0
5213,0
5217,0
5218,0
5219,0
5222,1
5224,1
5225,0
5227,0
5228,1
5229,0
5231,1
5233,1
5236,1
5241,0
5246,1
5249,0
5251,0
5254,0
5255,1
5256,0
5257,0
5263,0
5271,0
5272,0
5273,0
5278,0
5280,1
5283,1
5286,0
5287,0
5288,1
5293,1
5294,0
5300,0
5303,0
5309,0
5313,0
5314,1
5319,1
5320,1
5326,1
5329,0
5331,0
5335,1
5337,1
5338,0
5341,0
5344,1
5345,0
5347,1
5349,1
5353,1
5354,0
5363,0
5366,1
5370,1
5371,1
5374,0
5377,0
5382,1
5383,0
5384,0
5385,0
5386,0
5387,1
5389,0
5391,0
5394,0
5399,1
5400,0
5402,0
5404,1
5405,1
5411,0
5413,0
5421,1
5422,0
5424,1
5426,0
5427,1
5434,1
5436,0
5438,1
5441,1
5443,1
5445,0
5448,0
5449,0
5451,1
5456,1
5467,0
5470,0
5473,0
5477,0
5479,0
5482,0
5486,0
5495,1
5496,0
5502,0
5505,0
5506,0
5508,0
5509,1
5514,0
5515,1
5516,0
5519,0
5521,0
5522,0
5525,1
5526,1
5527,0
5532,0
5533,0
5535,1
5537,0
5548,1
5551,1
5553,0
5555,1
5556,0
5560,1
5563,1
5564,0
5566,1
5567,1
5568,1
5571,1
5573,0
5585,0
5589,0
5593,1
5595,0
5602,0
5603,0
5604,0
5605,1
5613,1
5614,0
5620,0
5627,0
5630,0
5631,0
5635,1
5638,1
5644,1
5649,0
5652,0
5657,0
5659,1
5662,0
5663,1
5667,1
5668,0
5670,1
5674,0
5675,1
5676,1
5677,1
5679,1
5680,0
5681,1
5683,1
5684,1
5685,0
5692,0
5695,1
5697,1
5700,1
5701,0
5705,1
5706,0
5710,1
5711,0
5716,1
5717,0
5721,1
5723,0
5724,0
5725,1
5729,0
5731,0
5732,1
5733,0
5736,0
5738,1
5740,1
5741,1
5744,0
5746,0
5749,0
5751,0
5752,1
5753,1
5754,0
5759,0
5762,1
5764,0
5765,0
5767,0
5768,1
5769,0
5775,1
5776,0
5779,1
5786,0
5787,0
5790,0
5791,0
5794,0
5798,0
5799,1
5801,1
5803,0
5804,0
5805,1
5810,1
5811,0
5813,1
5816,0
5817,1
5818,1
5823,0
5825,0
5829,1
5830,0
5831,1
5832,0
5833,0
5835,1
5837,0
5839,1
5842,1
5845,1
5846,1
5849,0
5850,1
5851,0
5852,1
5855,1
5856,1
5859,0
5860,0
5861,0
5866,1
5867,0
5868,1
5870,0
5871,0
5872,0
5874,1
5877,0
5878,1
5880,1
5881,0
5882,1
5888,1
5892,1
5893,1
5894,1
5898,0
5902,0
5903,0
5906,1
5909,0
5911,0
5913,1
5915,1
5921,0
5925,1
5927,0
5929,0
5930,0
5936,1
5938,1
5940,1
5941,0
5942,0
5945,0
5947,0
5950,0
5951,1
5952,0
5954,1
5955,1
5959,1
5961,0
5963,0
5964,1
5966,0
5969,0
5971,1
5973,1
5975,0
5976,1
5979,0
5980,0
5982,1
5983,1
5986,1
5987,1
5988,0
5989,0
5994,1
5999,0
6002,1
6004,1
6008,1
6009,0
6016,0
6018,1
6019,0
6022,1
6023,0
6024,1
6025,0
6026,0
6027,1
6029,1
6031,0
6034,0
6037,0
6039,0
6041,1
6047,0
6050,0
6052,0
6053,0
6055,0
6056,0
6057,0
6059,1
6061,1
6062,0
6064,0
6066,1
6068,0
6069,0
6070,1
6072,0
6075,0
6076,1
6078,1
6081,1
6084,0
6085,0
6090,1
6093,0
6100,1
6105,0
6108,0
6109,0
6112,0
6117,0
6118,0
6119,1
6123,0
6126,0
6128,1
6129,1
6131,1
6132,0
6135,0
6136,0
6137,1
6139,0
6140,0
6141,0
6142,0
6144,0
6146,0
6147,1
6151,0
6155,0
6156,0
6159,1
6162,0
6167,1
6174,0
6175,1
6176,1
6179,0
6181,1
6183,0
6184,0
6186,1
6189,0
6190,0
6192,1
6193,1
6195,1
6198,0
6199,0
6201,0
6202,0
6203,0
6205,0
6207,0
6210,1
6212,0
6213,0
6219,0
6220,0
6225,0
6226,1
6228,0
6229,1
6230,0
6238,1
6242,0
6243,1
6245,1
6246,1
6247,1
6252,0
6259,0
6260,1
6263,0
6264,1
6269,0
6272,0
6279,0
6282,0
6285,1
6288,0
6290,1
6291,0
6293,1
6295,0
6296,0
6298,1
6299,1
6302,0
6305,0
6309,0
6313,1
6314,0
6316,0
6318,0
6319,1
6322,0
6325,0
6326,0
6327,1
6329,1
6331,0
6332,0
6334,1
6336,1
6339,0
6346,0
6347,1
6349,1
6351,0
6353,0
6354,0
6357,0
6360,1
6361,0
6364,0
6365,1
6367,1
6368,1
6371,0
6372,1
6373,0
6377,0
6378,1
6379,1
6381,1
6383,0
6388,1
6389,0
6391,0
6393,1
6394,1
6397,0
6400,0
6403,0
6405,1
6410,0
6411,1
6416,1
6418,0
6421,0
6424,1
6428,0
6432,1
6435,1
6436,0
6438,0
6439,0
6442,1
6447,1
6448,1
6451,0
6452,1
6454,0
6457,0
6460,0
6461,1
6462,0
6465,0
6466,0
6468,1
6469,1
6472,1
6475,1
6476,0
6477,1
6479,0
6482,0
6486,0
6487,1
6492,0
6494,1
6498,0
6501,1
6503,1
6507,1
6511,0
6512,1
6523,1
6524,1
6525,0
6526,1
6528,0
6531,0
6533,0
6536,1
6547,0
6549,0
6554,1
6555,0
6556,0
6558,0
6560,0
6562,1
6565,0
6566,0
6571,1
6572,0
6573,0
6575,1
6578,0
6580,0
6584,0
6586,0
6587,1
6588,1
6595,0
6598,0
6599,1
6600,1
6603,0
6607,1
6611,0
6614,0
6615,0
6618,1
6622,0
6627,0
6631,1
6637,0
6638,1
6639,1
6640,1
6642,1
6644,0
6646,0
6648,0
6649,1
6650,0
6653,1
6654,0
6660,1
6662,1
6664,0
6669,1
6670,1
6674,0
6681,0
6683,0
6686,0
6688,0
6691,0
6696,1
6697,0
6699,0
6700,0
6703,0
6707,1
6709,0
6710,0
6711,0
6713,1
6715,1
6717,0
6718,1
6721,0
6724,0
6725,1
6730,0
6731,0
6736,0
6739,0
6743,0
6746,0
6747,0
6748,0
6749,0
6753,1
6755,0
6756,0
6757,0
6758,0
6761,0
6762,1
6763,1
6765,1
6766,0
6767,0
6772,1
6773,1
6775,0
6776,0
6777,1
6779,1
6782,1
6783,1
6786,1
6790,1
6792,1
6793,1
6799,1
6804,1
6808,1
6811,0
6812,0
6814,1
6815,1
6816,0
6817,0
6819,0
6821,0
6824,1
6825,0
6826,1
6827,1
6828,1
6830,0
6834,0
6837,0
6838,1
6841,1
6843,0
6845,0
6846,1
6850,1
6852,1
6860,0
6861,0
6862,0
6864,0
6866,0
6870,0
6871,0
6872,1
6874,0
6877,1
6879,0
6881,0
6883,1
6884,0
6886,0
6887,1
6888,1
6890,0
6892,1
6897,0
6901,0
6902,0
6903,0
6906,1
6908,0
6915,1
6918,1
6937,0
6938,1
6939,0
6942,1
6944,0
6945,1
6952,0
6964,0
6966,1
6967,0
6969,0
6972,0
6973,0
6976,0
6979,1
6980,1
6981,1
6982,0
6984,0
6985,1
6990,0
6992,0
6994,0
6996,1
6999,0
7001,0
7004,1
7005,0
7010,1
7012,0
7014,0
7015,0
7017,1
7021,1
7024,1
7028,0
7029,1
7033,0
7035,1
7037,0
7039,0
7041,1
7042,0
7043,1
7044,0
7049,0
7057,0
7061,1
7063,0
7066,1
7070,1
7072,0
7074,0
7075,0
7076,0
7080,0
7081,0
7084,0
7088,1
7092,1
7097,1
7100,0
7101,1
7102,0
7103,0
7104,1
7107,1
7112,0
7115,1
7119,0
7121,1
7122,1
7125,0
7126,0
7128,0
7129,1
7130,1
7131,0
7134,1
7135,1
7141,1
7142,0
7144,1
7154,1
7156,0
7157,1
7161,1
7163,1
7165,1
7173,0
7175,0
7181,0
7183,1
7185,0
7193,1
7194,0
7196,0
7201,0
7202,0
7208,0
7209,0
7213,0
7214,1
7216,1
7217,0
7218,0
7219,0
7220,1
7221,1
7223,0
7229,0
7231,1
7233,1
7235,1
7237,1
7239,0
7240,0
7243,1
7252,0
7256,0
7258,1
7259,0
7261,0
7266,0
7268,1
7269,1
7271,0
7275,1
7276,0
7277,0
7279,1
7283,0
7287,1
7293,1
7296,0
7299,0
7300,1
7301,0
7303,0
7307,0
7311,0
7315,1
7317,1
7325,0
7326,0
7331,0
7332,1
7335,0
7337,0
7338,1
7339,0
7341,0
7342,1
7347,0
7357,0
7359,0
7364,1
7367,0
7372,0
7373,0
7387,0
7396,1
7397,0
7400,1
7402,0
7405,1
7409,1
7412,0
7414,0
7421,1
7422,1
7423,0
7424,1
7426,1
7427,1
7428,0
7429,0
7433,0
7436,0
7439,0
7440,0
7441,1
7443,0
7449,0
7451,1
7453,1
7455,1
7459,0
7462,1
7470,1
7471,0
7472,0
7473,1
7474,0
7477,0
7478,1
7480,0
7482,1
7483,0
7484,1
7486,0
7489,0
7495,0
7497,1
7498,0
7505,1
7507,0
7510,0
7511,1
7517,1
7525,1
7526,0
7532,1
7534,1
7536,1
7537,0
7541,0
7542,0
7546,0
7548,1
7552,0
7556,0
7559,0
7563,1
7567,0
7569,0
7571,1
7573,0
7575,0
7577,1
7578,0
7579,0
7584,0
7586,1
7587,1
7588,0
7594,0
7595,1
7597,0
7599,0
7601,1
7604,0
7610,1
7611,1
7615,1
7617,0
7619,0
7620,1
7621,1
7623,1
7625,1
7628,0
7631,1
7633,1
7638,0
7639,1
7642,1
7645,0
7646,0
7648,1
7651,0
7653,0
7655,0
7659,1
7660,1
7664,0
7667,0
7670,0
7671,1
7672,0
7676,0
7677,0
7680,1
7681,1
7685,0
7687,0
7691,1
7692,0
7695,1
7696,0
7697,0
7701,1
7702,0
7704,0
7706,1
7707,1
7708,1
7712,0
7716,0
7718,0
7720,1
7723,1
7724,1
7725,1
7744,0
7746,1
7748,1
7751,0
7753,0
7756,1
7761,0
7763,0
7768,1
7769,1
7771,0
7780,0
7781,0
7782,1
7784,0
7785,1
7786,0
7796,0
7797,1
7799,1
7804,0
7806,0
7807,1
7808,1
7810,0
7811,0
7813,1
7814,1
7815,1
7817,1
7820,1
7822,0
7825,1
7828,0
7829,1
7832,0
7835,0
7837,0
7839,0
7846,0
7849,1
7852,0
7856,0
7857,1
7858,0
7869,1
7870,1
7871,1
7876,0
7881,0
7885,0
7889,0
7897,0
7900,0
7901,0
7902,0
7904,1
7908,1
7909,0
7910,1
7911,0
7915,0
7916,1
7921,1
7923,0
7927,1
7928,0
7930,1
7932,1
7936,1
7939,1
7941,0
7942,0
7943,0
7944,1
7949,0
7954,1
7955,0
7957,1
7959,0
7963,1
7964,0
7968,0
7969,1
7973,1
7975,1
7976,1
7978,0
7980,1
7982,0
7984,1
7985,1
7988,0
7995,1
7997,1
8002,0
8008,0
8009,0
8010,0
8011,1
8014,1
8018,0
8023,0
8027,0
8029,0
8030,1
8032,1
8033,0
8035,1
8036,0
8038,0
8040,1
8043,0
8044,1
8045,1
8048,0
8049,0
8050,1
8057,1
8059,1
8060,1
8061,0
8062,1
8063,0
8064,0
8067,0
8072,1
8073,1
8081,1
8087,1
8088,1
8091,0
8094,1
8095,1
8101,1
8108,0
8109,0
8110,1
8113,0
8114,0
8115,1
8117,1
8129,0
8130,0
8132,0
8133,1
8134,0
8141,0
8142,1
8143,0
8145,1
8146,0
8149,0
8150,1
8152,0
8153,0
8154,1
8156,0
8157,1
8158,1
8160,1
8164,0
8166,0
8171,1
8172,1
8175,0
8177,0
8180,0
8181,0
8182,1
8183,0
8185,0
8190,0
8192,0
8194,0
8196,0
8197,1
8198,0
8201,1
8202,0
8206,1
8207,1
8213,1
8214,0
8216,1
8218,0
8220,0
8226,1
8227,1
8228,1
8230,1
8236,0
8238,1
8240,1
8241,1
8242,1
8243,0
8250,1
8251,1
8254,1
8258,0
8259,1
8260,1
8263,0
8264,1
8267,1
8270,1
8272,0
8275,0
8278,0
8283,0
8284,0
8287,0
8289,0
8296,1
8297,0
8300,1
8302,1
8303,1
8305,0
8307,0
8309,0
8310,1
8312,1
8313,1
8315,1
8317,1
8323,1
8332,0
8335,0
8336,1
8337,1
8338,0
8340,1
8342,1
8344,0
8347,0
8351,1
8352,1
8353,0
8354,0
8359,0
8361,0
8363,0
8364,1
8373,0
8374,0
8375,0
8377,0
8380,1
8381,0
8382,0
8385,1
8386,0
8387,0
8388,1
8390,0
8391,1
8392,0
8394,1
8395,1
8397,0
8398,1
8400,1
8402,0
8403,1
8404,1
8405,0
8408,0
8413,0
8414,1
8415,0
8419,1
8421,0
8424,0
8425,1
8426,0
8429,0
8431,0
8432,0
8436,1
8440,0
8449,0
8450,1
8451,0
8457,1
8460,1
8461,0
8464,1
8465,0
8469,1
8472,0
8473,1
8475,1
8477,0
8480,0
8481,0
8482,0
8483,0
8491,1
8493,0
8494,0
8495,0
8498,0
8504,1
8505,1
8506,0
8508,1
8509,1
8511,0
8512,0
8515,0
8516,0
8519,1
8520,0
8523,1
8525,0
8527,0
8530,1
8535,0
8538,1
8539,0
8543,0
8546,1
8547,0
8548,1
8550,1
8552,1
8554,0
8557,0
8563,0
8564,1
8571,0
8574,0
8578,1
8579,0
8583,0
8584,1
8587,0
8588,1
8589,1
8590,0
8591,0
8595,0
8599,0
8602,0
8607,0
8608,0
8610,1
8611,0
8613,1
8615,1
8616,0
8618,0
8620,1
8623,0
8626,1
8629,0
8630,0
8633,0
8636,1
8637,0
8642,0
8646,0
8651,0
8652,0
8659,1
8660,0
8664,1
8667,0
8672,1
8673,0
8675,0
8676,1
8680,1
8682,0
8689,0
8693,1
8694,1
8697,0
8698,0
8702,1
8704,0
8705,1
8707,1
8709,1
8710,0
8712,1
8721,1
8724,0
8725,0
8730,1
8732,1
8734,0
8735,1
8737,0
8738,0
8739,0
8741,0
8742,1
8744,1
8745,0
8748,0
8751,0
8752,1
8755,1
8756,0
8757,0
8762,0
8763,1
8766,0
8767,1
8770,0
8771,0
8772,0
8777,0
8778,1
8780,0
8784,1
8785,1
8786,0
8789,0
8792,0
8794,1
8798,1
8807,0
8809,1
8812,0
8813,1
8816,1
8817,1
8819,1
8820,1
8821,0
8822,0
8826,1
8830,1
8835,1
8839,1
8843,1
8847,0
8848,0
8849,1
8852,0
8854,1
8855,0
8857,1
8859,0
8861,0
8862,0
8863,0
8869,1
8871,0
8873,1
8874,1
8875,0
8876,0
8880,0
8886,0
8889,0
8891,0
8895,1
8896,1
8901,0
8906,1
8908,1
8912,1
8913,1
8915,1
8917,1
8918,1
8934,1
8935,1
8951,0
8956,0
8957,0
8958,1
8959,0
8967,0
8973,1
8980,0
8982,0
8983,0
8984,1
8986,1
8988,0
8990,0
8991,0
8992,0
8993,0
8995,1
8997,0
9001,1
9007,0
9008,1
9009,0
9021,1
9023,1
9025,1
9027,0
9032,0
9035,1
9036,0
9038,0
9040,0
9041,1
9042,1
9043,0
9045,0
9049,1
9050,0
9051,1
9053,0
9057,1
9058,0
9060,0
9061,0
9065,0
9068,0
9073,1
9077,1
9080,0
9083,0
9085,0
9088,1
9090,0
9092,1
9095,1
9096,0
9100,0
9101,0
9103,0
9110,0
9111,1
9113,1
9114,0
9115,1
9116,0
9118,1
9121,0
9123,1
9127,1
9131,0
9132,1
9134,1
9135,0
9137,0
9138,1
9141,0
9142,1
9143,1
9144,0
9146,1
9147,0
9148,1
9153,1
9156,0
9157,1
9159,1
9161,1
9166,1
9167,1
9169,0
9173,1
9174,0
9180,1
9183,0
9185,0
9187,0
9188,0
9189,0
9194,0
9195,0
9198,0
9200,1
9202,0
9203,1
9204,1
9205,0
9206,1
9217,0
9218,1
9223,0
9225,0
9226,0
9227,1
9229,1
9231,0
9232,0
9237,1
9242,0
9245,0
9252,0
9255,1
9258,1
9260,1
9262,1
9266,0
9268,1
9270,0
9274,1
9276,1
9281,1
9288,0
9291,1
9292,1
9297,1
9299,0
9301,0
9304,1
9305,0
9308,1
9309,0
9311,1
9312,0
9313,0
9317,0
9321,0
9323,1
9325,0
9339,1
9340,1
9341,1
9343,0
9351,1
9352,1
9353,1
9354,0
9355,0
9356,1
9360,0
9362,0
9365,0
9369,1
9370,0
9374,1
9375,0
9376,0
9381,0
9382,1
9385,1
9389,0
9391,1
9395,0
9398,1
9403,1
9404,0
9405,1
9408,1
9410,1
9411,0
9412,1
9413,1
9414,0
9415,0
9423,1
9425,1
9432,1
9435,1
9438,1
9441,0
9443,0
9446,1
9447,0
9450,1
9452,0
9453,0
9457,0
9458,1
9459,1
9460,1
9464,1
9469,0
9471,0
9473,0
9475,0
9476,0
9477,1
9480,1
9482,1
9485,1
9487,1
9492,0
9493,0
9498,0
9499,0
9500,0
9503,0
9509,0
9512,0
9513,0
9514,0
9518,0
9519,0
9523,0
9528,0
9534,1
9536,0
9538,1
9541,1
9546,0
9553,1
9554,0
9555,0
9557,1
9560,1
9561,0
9563,0
9569,1
9574,0
9582,0
9583,1
9586,1
9587,0
9593,0
9594,0
9598,0
9600,0
9601,1
9605,1
9606,1
9607,1
9608,0
9611,1
9612,1
9617,1
9622,1
9626,1
9629,1
9633,0
9637,1
9638,1
9642,1
9643,1
9644,0
9646,1
9647,0
9650,1
9654,0
9656,0
9658,0
9659,1
9664,0
9666,1
9671,0
9675,0
9676,1
9679,0
9680,0
9682,0
9683,0
9688,1
9692,0
9701,0
9702,1
9703,0
9705,0
9707,0
9709,1
9711,0
9712,0
9715,1
9716,0
9718,1
9724,1
9730,1
9732,0
9735,1
9740,0
9745,0
9746,0
9748,0
9749,1
9754,1
9756,1
9757,1
9758,0
9761,0
9762,1
9764,1
9771,0
9774,0
9777,1
9780,0
9783,1
9785,0
9791,1
9792,0
9794,0
9795,0
9796,0
9797,1
9799,0
9800,1
9802,0
9803,0
9805,1
9806,0
9809,1
9810,1
9812,0
9817,0
9820,1
9821,1
9828,0
9829,1
9831,1
9833,1
9838,1
9839,0
9843,0
9848,1
9853,0
9854,0
9855,1
9856,0
9860,0
9868,0
9870,1
9873,0
9880,1
9881,0
9885,0
9888,1
9890,1
9895,1
9896,1
9898,1
9899,0
9905,0
9908,1
9910,1
9914,0
9917,1
9920,0
9922,1
9927,0
9929,0
9930,0
9931,0
9933,1
9938,0
9942,0
9944,0
9945,0
9946,0
9951,1
9958,0
9961,0
9962,0
9963,0
9965,1
9967,1
9968,1
9969,1
9972,0
9973,0
9978,1
9979,1
9980,0
9982,1
9983,1
9985,1
9987,0
9988,0
9989,0
9990,0
9991,0
9992,0
9993,0
9994,0
9995,0
9997,0
10000,0
10001,1
10004,0
10006,1
10007,1
10008,0
10009,0
10010,1
10013,1
10015,1
10017,1
10018,1
10022,1
10023,1
10026,0
10027,0
10028,0
10033,0
10034,1
10035,0
10036,1
10038,0
10040,0
10043,0
10047,1
10050,0
10052,0
10054,0
10060,1
10067,1
10070,1
10074,1
10075,1
10076,0
10083,0
10084,1
10085,1
10087,0
10088,1
10090,0
10092,1
10094,0
10096,0
10097,1
10098,0
10100,1
10101,0
10107,1
10108,1
10109,1
10110,1
10111,1
10117,0
10119,1
10122,1
10125,0
10126,0
10127,0
10128,1
10131,1
10132,0
10135,0
10138,1
10140,1
10143,1
10145,0
10146,1
10147,0
10148,1
10149,0
10151,1
10152,0
10153,0
10154,0
10155,0
10159,0
10160,0
10162,0
10164,0
10170,1
10171,0
10172,1
10173,0
10175,1
10177,0
10185,1
10186,0
10188,1
10191,1
10195,1
10197,0
10201,0
10202,1
10203,1
10205,1
10206,0
10207,1
10210,1
10213,0
10214,1
10216,0
10217,1
10219,1
10221,1
10226,1
10227,0
10228,0
10229,1
10231,0
10232,0
10234,0
10236,0
10242,1
10243,0
10245,0
10247,0
10249,0
10256,1
10257,0
10259,1
10262,0
10263,1
10269,0
10270,0
10271,0
10272,1
10276,0
10280,1
10281,1
10282,0
10285,0
10287,1
10288,0
10290,1
10291,1
10292,1
10293,1
10294,0
10295,1
10299,0
10302,0
10304,1
10313,0
10315,0
10317,1
10320,1
10326,1
10327,1
10329,0
10330,0
10335,1
10336,0
10338,1
10340,1
10341,0
10344,0
10345,1
10347,1
10351,1
10353,0
10354,0
10355,0
10361,1
10363,1
10366,0
10368,0
10369,0
10372,0
10373,0
10374,1
10375,0
10376,1
10379,0
10380,1
10382,1
10384,1
10387,0
10393,1
10396,0
10398,0
10402,0
10404,0
10405,0
10406,1
10407,1
10408,0
10410,0
10411,1
10412,0
10414,0
10416,0
10418,1
10421,0
10424,0
10428,0
10431,0
10432,0
10434,0
10435,1
10438,0
10441,1
10444,0
10446,0
10449,0
10456,1
10459,0
10461,1
10462,0
10463,0
10466,1
10468,0
10470,1
10472,1
10473,0
10481,1
10483,0
10485,0
10490,1
10492,0
10495,0
10498,1
10499,1
10503,0
10505,0
10508,0
10510,0
10511,0
10512,1
10513,1
10515,0
10516,1
10518,1
10519,1
10521,0
10525,1
10528,1
10530,0
10535,0
10543,1
10546,0
10547,0
10548,0
10551,0
10554,0
10560,1
10561,0
10563,1
10564,0
10567,0
10568,1
10572,1
10574,0
10577,0
10579,0
10580,1
10583,1
10586,1
10590,1
10591,0
10592,1
10594,1
10595,1
10598,0
10599,0
10600,1
10601,0
10605,0
10606,1
10607,0
10608,1
10609,0
10611,1
10612,1
10615,1
10616,0
10618,1
10620,0
10623,0
10624,0
10626,0
10628,0
10632,0
10634,1
10635,1
10636,0
10638,1
10639,0
10641,0
10643,0
10646,1
10648,0
10649,0
10652,0
10654,1
10655,1
10659,0
10661,0
10662,1
10664,1
10665,1
10666,1
10671,1
10674,1
10680,0
10683,1
10686,1
10691,1
10692,1
10693,0
10694,1
10695,1
10697,0
10700,0
10701,1
10703,0
10705,0
10706,0
10710,1
10715,0
10718,0
10720,1
10722,1
10724,0
10725,1
10726,1
10728,1
10730,0
10731,0
10732,0
10733,1
10737,0
10741,0
10743,0
10746,1
10747,1
10748,0
10758,1
10759,0
10761,0
10762,0
10763,1
10766,0
10769,0
10778,0
10779,1
10781,1
10783,0
10785,1
10789,0
10790,0
10799,0
10800,1
10801,1
10802,0
10804,0
10805,0
10807,0
10808,1
10809,1
10811,0
10813,1
10815,1
10816,1
10822,1
10824,1
10826,0
10828,1
10829,0
10835,0
10840,1
10843,0
10846,1
10847,1
10848,0
10850,1
10851,0
10860,1
10861,0
10863,0
10865,1
10867,1
10869,1
10870,1
10872,1
10874,0
10879,0
10881,0
10882,0
10886,0
10887,1
10888,0
10892,1
10896,0
10899,1
10903,1
10904,0
10905,0
10916,0
10917,1
10922,0
10923,1
10925,1
10926,1
10931,0
10935,1
10938,0
10940,0
10942,0
10945,0
10948,1
10949,1
10950,1
10951,0
10955,0
10963,0
10965,1
10966,0
10968,1
10971,0
10976,0
10980,1
10983,0
10984,1
10986,0
10989,0
10990,0
10992,1
10993,0
10994,1
10995,0
10996,1
10999,1
11000,1
11001,0
11002,0
11005,0
11007,0
11009,0
11012,0
11014,1
11015,0
11016,1
11018,1
11019,1
11021,1
11023,1
11024,1
11030,1
11033,0
11034,1
11036,0
11039,0
11041,0
11043,1
11046,0
11047,1
11050,0
11051,0
11053,1
11056,1
11057,0
11058,0
11059,1
11064,0
11065,1
11066,0
11069,1
11080,1
11083,1
11086,0
11087,1
11095,0
11097,1
11098,1
11100,1
11101,1
11103,0
11106,0
11112,0
11116,0
11117,0
11119,0
11123,0
11126,1
11128,0
11130,1
11134,0
11138,1
11139,1
11141,0
11142,0
11143,1
11146,0
11147,1
11153,0
11154,0
11155,0
11157,0
11158,1
11159,0
11162,0
11164,0
11170,1
11176,1
11179,0
11181,0
11184,1
11185,1
11187,1
11189,1
11190,0
11191,0
11192,0
11196,1
11200,1
11203,1
11206,0
11207,0
11210,0
11211,0
11220,1
11223,0
11225,1
11226,1
11232,0
11236,1
11238,0
11243,0
11246,1
11247,0
11249,0
11250,1
11255,1
11256,1
11258,1
11264,1
11265,0
11266,0
11268,0
11269,1
11272,0
11273,1
11274,1
11276,0
11284,1
11285,1
11288,0
11289,1
11297,1
11299,0
11300,1
11302,1
11303,1
11304,0
11305,1
11308,0
11312,0
11315,0
11320,1
11322,0
11323,1
11324,0
11326,1
11329,0
11331,0
11333,0
11334,1
11337,0
11340,0
11344,0
11351,1
11353,0
11354,0
11355,1
11356,0
11357,0
11360,0
11362,0
11364,1
11367,1
11369,0
11372,1
11373,1
11376,1
11378,1
11384,0
11385,1
11388,1
11391,1
11395,0
11400,1
11403,0
11412,0
11415,1
11416,0
11418,0
11419,0
11421,1
11423,0
11424,1
11426,1
11428,1
11429,0
11431,1
11438,0
11440,0
11441,0
11442,1
11445,0
11447,1
11448,1
11452,1
11457,1
11459,0
11462,0
11467,0
11468,0
11469,0
11472,0
11473,1
11476,0
11478,1
11479,0
11481,0
11494,0
11495,1
11499,1
11500,0
11501,0
11504,1
11508,1
11512,1
11515,1
11516,0
11517,0
11518,1
11526,0
11532,1
11536,1
11537,1
11540,1
11544,0
11547,0
11549,0
11550,1
11555,0
11556,0
11560,1
11562,1
11564,0
11566,0
11568,1
11569,0
11572,1
11573,0
11574,0
11580,1
11581,0
11582,0
11585,0
11587,1
11589,1
11596,1
11597,1
11598,1
11600,1
11602,1
11609,0
11610,0
11611,0
11613,0
11614,1
11616,0
11623,0
11624,1
11628,1
11633,0
11634,1
11636,1
11637,0
11641,1
11642,1
11644,0
11646,0
11647,0
11648,1
11651,0
11654,0
11655,1
11665,0
11666,0
11667,0
11668,1
11669,0
11677,0
11678,1
11679,0
11680,1
11682,0
11683,1
11684,1
11686,1
11690,0
11691,1
11692,0
11697,0
11698,1
11699,0
11700,0
11701,1
11702,1
11707,1
11709,1
11710,1
11713,0
11715,0
11720,1
11721,0
11722,0
11725,0
11726,1
11728,0
11729,1
11731,0
11732,0
11733,1
11734,0
11742,0
11744,1
11750,0
11751,0
11754,0
11756,0
11757,1
11760,1
11762,0
11763,0
11767,0
11774,0
11777,1
11782,0
11783,0
11784,0
11785,1
11790,1
11796,0
11798,1
11802,1
11810,0
11811,0
11816,1
11818,1
11820,1
11821,0
11822,0
11823,1
11825,1
11830,1
11831,0
11836,1
11838,0
11839,1
11849,1
11850,1
11852,0
11853,0
11855,0
11858,0
11860,0
11861,1
11865,0
11867,0
11868,0
11870,0
11874,0
11876,1
11877,1
11878,1
11881,1
11885,0
11890,0
11892,1
11894,1
11895,1
11896,1
11897,1
11898,0
11901,1
11906,0
11907,0
11909,0
11915,0
11919,0
11920,0
11921,0
11923,0
11926,1
11930,0
11931,1
11933,0
11935,1
11938,1
11941,1
11945,0
11947,1
11952,1
11954,0
11956,1
11959,0
11961,0
11964,0
11965,1
11968,1
11969,0
11973,1
11975,1
11977,1
11980,0
11981,0
11985,1
11988,0
11989,0
11994,1
11995,1
11996,1
11998,1
12000,0
12005,1
12006,1
12007,0
12009,0
12010,1
12013,0
12014,0
12020,0
12022,0
12025,1
12026,1
12027,1
12031,0
12034,0
12035,1
12037,0
12040,1
12041,0
12043,1
12044,0
12045,0
12047,0
12052,1
12056,0
12059,1
12060,1
12062,1
12063,1
12064,0
12070,1
12076,1
12077,1
12078,1
12080,0
12084,1
12086,0
12087,0
12088,1
12089,0
12091,0
12092,1
12093,0
12094,0
12095,0
12096,1
12103,1
12104,0
12110,0
12116,1
12117,1
12122,0
12123,1
12125,1
12129,1
12130,0
12131,0
12133,0
12134,0
12137,0
12138,0
12139,0
12141,1
12142,1
12144,0
12145,0
12149,0
12150,1
12154,0
12160,1
12161,0
12162,0
12164,0
12167,0
12171,1
12177,1
12178,1
12180,1
12182,1
12183,1
12185,1
12186,0
12187,0
12189,1
12190,0
12192,1
12194,1
12201,1
12202,1
12206,0
12209,0
12214,0
12215,1
12217,0
12218,0
12221,0
12222,0
12223,0
12229,0
12230,1
12233,1
12235,0
12237,0
12239,0
12242,1
12243,0
12244,1
12245,0
12246,0
12248,0
12249,1
12250,0
12252,0
12255,1
12258,1
12259,1
12262,1
12263,1
12264,1
12265,1
12270,0
12274,0
12275,0
12282,1
12285,0
12289,0
12292,1
12296,0
12297,1
12299,1
12300,1
12301,1
12302,0
12303,1
12304,0
12305,0
12307,0
12309,0
12313,0
12318,1
12320,0
12324,0
12326,1
12330,1
12332,0
12336,1
12341,0
12342,0
12344,0
12352,0
12354,0
12361,0
12363,1
12366,0
12369,1
12372,1
12376,1
12379,0
12383,1
12389,0
12393,0
12395,0
12396,0
12400,0
12406,0
12407,0
12411,0
12412,0
12413,0
12414,1
12415,1
12417,1
12420,1
12421,0
12422,1
12423,0
12426,0
12427,0
12428,1
12431,0
12432,1
12433,0
12439,1
12442,0
12443,0
12446,0
12452,0
12453,0
12454,0
12455,0
12464,0
12465,0
12468,0
12469,1
12470,0
12472,0
12476,0
12477,0
12478,1
12489,1
12494,1
12495,1
12497,0
12498,0
12499,1
12504,0
12510,0
12511,1
12516,1
12517,0
12520,1
12521,1
12522,0
12524,0
12525,0
12527,0
12529,0
12531,1
12535,0
12538,0
12540,0
12542,0
12543,1
12546,0
12549,1
12550,1
12552,1
12555,0
12557,1
12560,1
12561,0
12564,1
12565,1
12567,1
12569,1
12573,1
12576,0
12581,1
12582,0
12591,1
12592,0
12594,0
12597,0
12603,1
12605,1
12607,0
12608,1
12614,0
12615,0
12622,1
12624,0
12625,1
12629,0
12632,1
12633,1
12634,0
12635,0
12638,0
12640,1
12643,0
12645,0
12646,1
12647,1
12649,0
12653,1
12655,0
12659,1
12661,1
12663,1
12664,1
12665,0
12666,0
12668,1
12672,1
12677,1
12683,0
12684,1
12685,1
12686,0
12688,0
12689,0
12700,1
12701,1
12705,0
12706,1
12708,1
12713,1
12716,0
12719,0
12721,1
12722,0
12727,0
12730,1
12731,1
12732,1
12739,0
12740,0
12741,1
12743,1
12745,0
12746,1
12753,0
12760,1
12761,0
12764,1
12765,0
12766,0
12770,1
12771,0
12774,1
12776,1
12777,0
12782,1
12786,0
12788,1
12789,0
12792,1
12793,0
12795,1
12796,0
12797,1
12798,0
12810,0
12811,1
12813,1
12816,1
12817,1
12818,0
12819,1
12822,1
12823,0
12827,0
12832,0
12835,0
12839,1
12844,0
12848,0
12849,0
12852,0
12854,0
12859,0
12860,0
12865,1
12868,1
12869,0
12870,1
12871,1
12878,0
12883,0
12889,0
12890,1
12893,1
12895,1
12896,1
12898,0
12903,0
12904,0
12909,1
12913,0
12914,0
12918,0
12920,0
12921,0
12923,0
12929,1
12943,1
12944,0
12946,0
12950,0
12953,0
12956,1
12958,0
12960,1
12964,0
12967,0
12968,1
12969,0
12972,0
12976,1
12978,0
12979,0
12981,0
12984,0
12988,0
12993,1
12996,1
12998,1
12999,0
13002,1
13003,1
13007,1
13008,0
13011,1
13012,1
13016,0
13019,0
13020,1
13021,0
13023,1
13024,0
13027,1
13029,1
13032,1
13033,1
13034,0
13035,1
13037,1
13038,0
13043,1
13045,1
13053,0
13054,0
13055,0
13056,0
13057,1
13058,1
13059,0
13064,0
13068,1
13073,0
13076,1
13077,0
13079,0
13083,0
13084,1
13085,0
13086,0
13087,1
13088,0
13089,1
13091,0
13093,0
13096,1
13098,0
13100,0
13105,1
13106,0
13109,0
13110,1
13111,0
13112,0
13113,0
13114,0
13117,1
13118,1
13119,0
13120,0
13122,0
13123,1
13125,0
13126,0
13132,0
13133,0
13134,0
13135,0
13138,0
13140,0
13143,1
13144,0
13145,1
13150,0
13151,1
13154,1
13155,0
13156,1
13160,0
13161,0
13162,1
13169,0
13179,1
13184,1
13186,0
13187,0
13190,0
13191,1
13195,1
13196,1
13197,1
13198,0
13199,0
13200,0
13201,0
13204,1
13208,0
13210,1
13213,1
13214,1
13218,1
13219,1
13222,1
13224,0
13225,1
13227,1
13229,0
13231,0
13233,0
13234,1
13237,0
13238,1
13241,0
13242,0
13244,0
13247,0
13249,0
13250,1
13253,0
13254,0
13257,1
13261,1
13266,0
13268,1
13269,0
13276,0
13277,0
13278,0
13279,1
13282,1
13285,1
13287,0
13292,0
13295,1
13297,0
13298,1
13302,1
13303,0
13309,1
13310,0
13316,1
13321,0
13322,1
13323,0
13325,1
13327,1
13329,0
13331,1
13338,0
13340,0
13344,0
13348,1
13349,0
13352,0
13356,0
13358,1
13361,0
13369,0
13373,1
13375,0
13377,1
13383,1
13385,0
13387,0
13390,0
13392,0
13393,1
13399,0
13404,0
13406,1
13407,1
13408,0
13409,1
13413,0
13414,1
13415,1
13418,0
13419,0
13420,1
13422,0
13427,1
13428,1
13429,0
13430,0
13433,1
13437,1
13440,0
13442,0
13445,0
13450,1
13451,0
13456,1
13457,1
13458,1
13461,0
13462,0
13463,1
13464,1
13469,1
13470,0
13471,0
13473,1
13474,0
13479,1
13480,0
13488,0
13491,1
13493,0
13499,0
13503,0
13505,0
13506,0
13511,1
13515,0
13517,0
13522,0
13524,0
13525,0
13527,1
13528,1
13529,0
13531,0
13533,1
13537,0
13540,0
13541,0
13542,0
13543,0
13546,0
13547,1
13550,1
13552,0
13556,0
13558,1
13559,1
13567,1
13569,0
13571,1
13578,1
13584,1
13585,0
13586,0
13588,1
13593,0
13594,1
13596,0
13597,1
13600,0
13604,0
13605,0
13606,0
13608,0
13618,0
13620,0
13628,0
13629,1
13630,0
13633,0
13634,1
13637,0
13642,0
13646,0
13650,0
13651,0
13652,1
13655,1
13658,1
13661,1
13662,0
13664,1
13668,0
13676,0
13677,0
13678,0
13679,0
13682,1
13683,1
13684,0
13692,1
13693,1
13694,0
13698,1
13699,1
13702,1
13703,0
13705,0
13706,0
13707,1
13708,0
13711,0
13713,0
13714,0
13715,1
13717,1
13718,0
13719,0
13733,0
13738,1
13740,0
13741,1
13746,0
13747,0
13749,0
13750,0
13751,1
13755,0
13757,1
13760,0
13761,1
13764,1
13767,0
13770,0
13773,0
13774,0
13777,0
13779,1
13784,0
13785,0
13787,0
13792,0
13794,0
13798,1
13799,1
13801,1
13802,1
13804,1
13806,0
13814,0
13818,0
13820,1
13821,0
13822,1
13825,1
13830,1
13834,1
13839,0
13842,1
13843,0
13851,0
13858,0
13861,1
13862,0
13863,0
13864,0
13867,1
13868,1
13869,1
13879,0
13880,1
13883,0
13889,0
13890,0
13894,0
13895,0
13896,0
13897,0
13898,0
13899,0
13900,0
13902,1
13903,1
13910,1
13911,1
13913,1
13917,0
13920,0
13924,0
13925,0
13926,0
13927,1
13929,0
13930,0
13931,0
13932,0
13933,1
13936,0
13938,1
13940,1
13941,0
13942,0
13943,1
13944,0
13946,1
13948,1
13949,1
13950,0
13953,1
13954,1
13959,1
13961,0
13963,1
13964,0
13965,0
13966,0
13967,1
13968,0
13969,1
13971,0
13972,0
13973,0
13976,1
13977,0
13980,0
13981,1
13982,0
13988,0
13993,0
13999,0
14000,1
14002,0
14006,0
14007,1
14010,0
14013,1
14016,0
14023,0
14026,1
14027,0
14030,1
14032,1
14036,1
14037,1
14039,0
14044,0
14045,1
14046,0
14047,1
14048,1
14054,0
14062,1
14063,1
14064,1
14065,0
14067,1
14070,0
14073,1
14076,0
14078,0
14080,1
14081,1
14082,0
14086,0
14089,1
14090,0
14092,0
14093,1
14094,0
14095,0
14099,1
14100,1
14103,1
14104,1
14106,0
14107,1
14110,0
14111,0
14112,0
14114,1
14116,0
14119,0
14120,1
14122,0
14123,0
14125,0
14130,1
14131,0
14134,1
14137,1
14138,0
14142,0
14144,0
14145,0
14148,1
14149,1
14151,1
14155,0
14161,0
14165,0
14166,0
14178,1
14179,1
14182,0
14185,0
14186,1
14187,1
14191,1
14192,1
14193,0
14195,0
14197,1
14205,1
14209,0
14210,0
14213,0
14214,0
14215,1
14221,1
14224,0
14225,1
14226,0
14231,0
14233,1
14234,1
14236,0
14239,0
14240,0
14243,1
14244,1
14245,1
14248,0
14250,0
14251,1
14252,0
14254,1
14258,0
14261,1
14262,0
14263,1
14264,0
14268,1
14269,1
14270,1
14274,1
14275,0
14277,0
14278,1
14279,0
14282,0
14284,1
14288,1
14293,0
14295,0
14300,1
14301,0
14302,1
14307,1
14308,0
14310,0
14312,1
14314,0
14315,1
14318,0
14320,1
14321,0
14324,0
14325,1
14331,0
14332,0
14334,1
14336,0
14339,1
14345,0
14346,1
14347,0
14348,1
14350,1
14351,0
14354,0
14356,1
14360,1
14361,0
14362,1
14363,0
14365,0
14366,0
14367,1
14381,0
14384,1
14385,1
14386,0
14389,0
14390,1
14392,0
14393,0
14394,1
14395,1
14400,1
14401,1
14402,1
14403,1
14404,0
14411,0
14412,1
14413,1
14417,0
14421,0
14422,1
14423,1
14428,0
14432,0
14434,1
14436,0
14439,0
14442,1
14445,1
14447,0
14449,0
14450,1
14453,0
14455,0
14459,0
14460,1
14465,1
14466,1
14467,0
14469,0
14472,1
14476,0
14477,0
14479,1
14480,1
14483,1
14485,1
14487,0
14488,1
14490,0
14494,0
14495,0
14500,0
14501,0
14504,1
14505,1
14506,0
14507,0
14509,0
14511,0
14513,0
14515,1
14520,0
14523,1
14527,0
14529,1
14530,1
14532,0
14536,1
14539,0
14541,0
14543,1
14545,0
14546,0
14548,1
14550,1
14551,0
14552,1
14555,0
14557,0
14562,1
14563,1
14565,0
14567,0
14571,0
14573,1
14574,1
14575,0
14576,0
14577,0
14578,0
14579,0
14581,1
14583,1
14584,1
14585,1
14586,0
14589,0
14596,1
14603,1
14607,0
14611,0
14612,1
14614,0
14615,0
14616,0
14617,1
14618,1
14620,1
14621,1
14622,1
14623,0
14629,0
14631,1
14633,0
14634,0
14636,0
14640,0
14641,1
14643,0
14647,1
14654,0
14655,0
14657,1
14658,1
14659,0
14660,0
14661,0
14662,1
14666,0
14667,0
14669,1
14675,1
14676,0
14678,0
14688,0
14689,0
14690,1
14691,1
14694,1
14696,0
14699,1
14700,0
14707,0
14711,1
14714,0
14716,1
14719,1
14724,0
14725,0
14735,1
14738,0
14739,1
14742,1
14743,0
14750,0
14752,0
14753,0
14755,0
14756,0
14757,0
14758,0
14759,0
14760,0
14764,1
14767,1
14769,0
14774,0
14780,1
14781,1
14784,0
14786,0
14787,1
14788,0
14789,1
14792,0
14800,0
14802,0
14806,0
14808,0
14812,0
14813,0
14814,0
14815,0
14817,0
14818,0
14819,0
14820,0
14822,0
14826,1
14829,0
14831,1
14832,1
14833,0
14839,0
14843,1
14845,0
14846,0
14848,0
14849,1
14851,0
14853,0
14855,1
14856,1
14860,1
14863,1
14874,1
14876,1
14878,0
14881,1
14884,0
14887,1
14889,0
14891,1
14896,1
14897,0
14903,1
14909,0
14910,1
14912,1
14913,0
14915,0
14917,1
14919,0
14924,0
14927,0
14928,1
14929,0
14930,0
14931,0
14932,0
14934,1
14935,0
14936,1
14942,1
14945,1
14947,1
14949,0
14950,0
14952,0
14955,0
14959,1
14960,1
14961,1
14964,1
14967,0
14968,1
14969,1
14970,1
14971,0
14972,0
14974,0
14979,1
14983,1
14985,1
14987,0
14992,1
14996,1
14998,1
14999,1
15001,0
15002,0
15003,1
15005,0
15010,0
15011,1
15012,0
15014,1
15015,0
15017,0
15025,0
15026,1
15033,1
15036,1
15041,1
15042,0
15043,0
15051,0
15053,1
15055,0
15060,0
15076,0
15081,1
15087,0
15088,1
15089,0
15090,0
15091,1
15092,0
15093,1
15094,0
15098,0
15099,0
15102,0
15104,1
15106,1
15107,1
15108,0
15111,0
15112,1
15122,0
15123,0
15125,1
15129,1
15131,1
15134,1
15135,0
15138,0
15139,0
15140,1
15146,0
15147,1
15149,1
15152,1
15154,1
15157,0
15158,1
15160,0
15161,0
15164,0
15165,1
15166,0
15167,0
15168,1
15169,0
15172,1
15174,0
15175,0
15176,1
15178,0
15179,0
15180,0
15181,1
15185,1
15187,1
15195,0
15202,1
15203,0
15204,1
15209,1
15210,1
15215,0
15219,0
15222,1
15226,1
15227,0
15230,1
15232,1
15236,0
15237,1
15238,0
15241,1
15242,1
15243,0
15247,0
15248,1
15250,0
15251,0
15253,1
15256,0
15258,0
15263,0
15264,1
15269,0
15277,1
15278,0
15279,0
15280,1
15281,0
15283,0
15287,1
15288,1
15289,0
15290,0
15292,1
15293,0
15294,1
15295,0
15296,0
15298,1
15301,0
15302,1
15304,0
15306,1
15308,0
15310,0
15312,0
15313,0
15314,1
15318,1
15319,1
15322,0
15324,0
15326,0
15329,1
15333,1
15340,1
15341,1
15344,1
15346,0
15347,0
15348,0
15355,1
15357,1
15363,1
15364,0
15371,1
15373,1
15374,1
15376,1
15382,0
15383,0
15384,0
15386,1
15391,0
15395,1
15396,1
15397,1
15398,1
15400,0
15407,1
15408,0
15409,0
15412,1
15414,1
15416,0
15420,1
15422,1
15426,1
15427,1
15430,1
15432,1
15436,1
15437,0
15442,0
15443,0
15447,1
15451,0
15452,1
15453,1
15456,1
15459,1
15463,1
15464,1
15465,0
15467,0
15469,1
15474,1
15480,1
15483,0
15485,1
15487,1
15491,1
15492,1
15494,1
15497,1
15500,0
15501,1
15502,0
15503,1
15509,0
15510,1
15511,0
15513,0
15515,0
15516,0
15518,0
15519,1
15521,0
15524,0
15532,0
15533,1
15540,0
15543,1
15545,0
15547,0
15549,0
15550,1
15551,0
15554,1
15555,0
15559,1
15564,1
15571,0
15574,1
15576,1
15577,1
15579,0
15580,0
15583,0
15584,0
15589,0
15594,0
15595,1
15598,1
15599,0
15601,0
15602,0
15604,0
15605,0
15606,0
15607,1
15608,0
15610,0
15613,1
15615,0
15618,0
15619,1
15621,1
15622,1
15623,0
15625,1
15627,0
15629,0
15630,0
15631,1
15633,0
15634,0
15636,0
15637,1
15638,0
15640,0
15641,1
15642,0
15644,1
15648,0
15649,1
15657,0
15658,1
15660,0
15661,1
15662,1
15666,1
15672,1
15673,1
15674,0
15683,0
15685,1
15686,0
15688,1
15689,0
15691,0
15694,0
15696,0
15697,1
15698,0
15701,1
15702,0
15703,1
15704,0
15705,0
15707,0
15713,0
15715,0
15716,1
15717,1
15718,0
15719,0
15721,0
15722,0
15724,0
15726,0
15727,1
15730,1
15732,0
15733,1
15738,0
15742,0
15743,0
15745,1
15747,0
15750,1
15756,1
15757,0
15758,0
15759,0
15760,0
15768,1
15773,0
15774,1
15775,1
15776,0
15777,0
15779,1
15781,0
15782,0
15783,1
15786,0
15789,0
15794,0
15796,0
15797,1
15798,0
15799,1
15800,1
15804,0
15805,1
15809,0
15810,0
15812,0
15814,1
15816,0
15821,1
15826,0
15831,1
15833,1
15834,0
15835,0
15836,1
15837,0
15838,0
15840,1
15845,1
15848,1
15853,0
15858,1
15859,1
15862,0
15870,1
15876,1
15878,0
15888,1
15890,1
15892,1
15894,1
15897,1
15899,1
15911,0
15917,1
15919,0
15921,1
15923,1
15924,1
15926,1
15931,0
15937,0
15938,0
15940,0
15941,1
15944,0
15945,1
15946,1
15949,0
15953,1
15954,0
15955,1
15956,0
15958,0
15959,1
15965,1
15975,1
15979,1
15980,0
15983,0
15984,1
15985,0
15986,0
15989,1
15993,1
15995,0
16001,0
16002,0
16005,1
16006,1
16012,0
16013,0
16019,1
16022,1
16029,1
16033,1
16034,1
16035,0
16037,1
16038,0
16039,0
16042,0
16043,1
16047,1
16048,1
16050,0
16052,0
16054,1
16055,0
16064,0
16066,0
16067,0
16069,0
16070,0
16073,0
16085,0
16089,0
16091,0
16092,1
16096,0
16099,0
16102,1
16105,0
16106,0
16108,0
16110,0
16111,0
16112,1
16116,1
16117,1
16121,0
16125,0
16126,1
16127,1
16128,1
16129,0
16131,0
16133,1
16136,0
16137,0
16139,0
16141,0
16147,0
16149,1
16150,0
16151,0
16154,0
16156,0
16158,0
16159,0
16165,0
16166,1
16167,1
16172,0
16174,1
16175,1
16176,1
16179,1
16185,0
16190,1
16193,0
16194,0
16196,0
16199,0
16202,0
16204,0
16206,0
16208,0
16213,0
16220,1
16221,0
16222,1
16223,0
16225,0
16228,0
16229,0
16230,1
16233,1
16235,1
16236,1
16238,0
16243,1
16261,0
16262,0
16268,1
16270,0
16277,0
16280,0
16282,1
16283,1
16284,0
16288,1
16289,1
16292,1
16294,0
16303,1
16304,0
16305,0
16308,0
16311,0
16313,0
16314,1
16316,0
16318,0
16319,0
16323,1
16326,0
16328,0
16330,0
16338,0
16340,0
16341,1
16343,0
16344,0
16345,0
16346,1
16353,1
16356,1
16358,0
16362,0
16364,0
16366,0
16371,1
16372,1
16373,1
16376,1
16377,1
16378,0
16381,0
16386,1
16387,0
16388,0
16389,1
16391,0
16392,1
16393,1
16401,0
16405,1
16413,0
16416,0
16417,0
16419,0
16420,0
16422,0
16424,1
16427,1
16428,0
16432,1
16433,1
16436,0
16437,1
16438,1
16443,0
16447,1
16449,1
16453,1
16456,0
16460,0
16461,1
16462,0
16463,1
16464,0
16466,1
16469,1
16470,0
16471,0
16472,1
16473,1
16476,0
16479,1
16480,0
16482,1
16484,1
16489,1
16491,0
16492,0
16493,1
16494,0
16498,0
16499,1
16500,0
16503,0
16504,0
16510,1
16512,0
16514,1
16519,1
16520,1
16522,0
16524,0
16527,1
16528,0
16529,0
16531,0
16532,1
16538,0
16542,1
16544,1
16545,1
16547,1
16548,0
16554,0
16555,1
16556,0
16557,0
16558,1
16561,1
16563,0
16564,0
16565,1
16569,0
16576,0
16577,1
16578,1
16584,0
16585,0
16586,1
16592,1
16596,0
16604,0
16607,0
16608,1
16614,0
16615,1
16619,1
16622,0
16623,0
16624,1
16626,1
16630,1
16631,0
16632,0
16636,0
16638,1
16645,1
16647,0
16653,0
16656,1
16658,0
16661,1
16662,1
16663,1
16666,1
16667,0
16671,1
16672,1
16673,1
16674,1
16675,1
16676,0
16677,1
16679,1
16680,0
16682,1
16683,0
16684,0
16688,1
16689,1
16697,0
16700,1
16702,0
16703,1
16710,0
16712,1
16715,1
16717,0
16719,1
16720,1
16721,1
16724,1
16725,1
16727,1
16729,1
16731,1
16732,1
16733,0
16743,0
16744,0
16748,1
16750,1
16753,1
16756,0
16758,0
16761,0
16763,0
16764,0
16768,1
16770,1
16771,1
16772,0
16773,1
16777,0
16778,0
16781,0
16782,1
16785,1
16786,1
16788,0
16789,1
16790,0
16791,0
16792,0
16795,0
16796,1
16799,0
16802,0
16804,1
16806,0
16810,0
16811,0
16813,0
16816,1
16817,1
16818,1
16825,0
16826,0
16827,0
16829,1
16831,1
16834,0
16837,1
16842,0
16849,0
16852,1
16855,0
16857,0
16858,0
16859,0
16860,1
16864,0
16865,1
16867,1
16869,1
16874,0
16876,0
16877,1
16878,0
16884,1
16885,0
16886,0
16888,1
16889,1
16892,0
16894,0
16896,0
16898,0
16899,1
16900,1
16903,0
16904,0
16906,0
16909,0
16912,0
16913,0
16914,0
16919,0
16920,1
16921,1
16922,0
16923,0
16926,0
16929,0
16931,1
16932,0
16934,0
16938,0
16939,0
16941,0
16948,0
16950,1
16951,0
16957,0
16962,1
16970,1
16972,0
16974,0
16977,0
16978,0
16979,1
16980,1
16983,1
16984,0
16985,1
16987,1
16989,1
16991,1
16992,0
16993,1
16996,0
16998,1
17003,0
17004,1
17005,1
17008,0
17013,0
17016,1
17018,1
17025,1
17026,1
17027,1
17029,0
17034,1
17036,1
17043,1
17044,0
17049,1
17050,1
17051,1
17053,0
17056,0
17058,1
17062,0
17064,1
17071,0
17078,1
17081,1
17085,1
17090,1
17093,1
17094,1
17095,1
17097,0
17099,1
17103,1
17104,1
17105,1
17109,1
17110,0
17112,0
17115,0
17117,0
17121,0
17123,0
17125,0
17126,1
17128,1
17130,0
17132,0
17135,1
17136,0
17138,0
17143,0
17144,0
17146,0
17149,0
17154,0
17156,1
17157,1
17164,0
17166,0
17172,1
17176,0
17180,0
17181,0
17184,1
17185,1
17191,0
17195,1
17199,1
17201,0
17202,0
17203,0
17206,0
17211,0
17216,1
17220,1
17222,0
17227,0
17229,1
17230,0
17235,1
17236,1
17238,1
17240,1
17241,1
17242,1
17243,0
17248,0
17250,0
17252,0
17253,1
17255,0
17256,1
17264,1
17270,0
17271,0
17275,1
17277,1
17279,0
17283,1
17285,1
17286,1
17288,1
17292,0
17295,1
17300,1
17301,0
17302,1
17303,0
17304,0
17312,0
17315,0
17316,0
17318,0
17321,0
17322,0
17323,1
17328,0
17332,1
17334,0
17339,1
17340,1
17341,0
17345,1
17346,0
17349,1
17352,1
17354,0
17356,1
17364,0
17365,1
17366,0
17368,1
17372,0
17374,0
17375,1
17376,0
17378,0
17380,0
17381,1
17385,1
17389,0
17390,1
17391,0
17393,0
17396,0
17401,0
17402,0
17403,1
17407,1
17409,1
17413,0
17416,0
17419,1
17420,1
17422,1
17424,1
17426,1
17427,0
17428,0
17430,0
17431,0
17432,0
17438,0
17444,0
17445,0
17449,0
17451,1
17452,0
17454,1
17458,1
17459,1
17460,0
17463,1
17464,0
17465,0
17468,1
17469,0
17471,1
17473,1
17475,1
17476,0
17477,1
17480,1
17481,1
17482,1
17483,1
17485,1
17486,0
17487,0
17489,1
17491,0
17493,1
17494,0
17496,1
17498,1
17499,1
17501,0
17503,1
17506,1
17508,0
17511,0
17512,1
17516,0
17517,0
17519,1
17522,0
17523,0
17524,0
17531,1
17535,1
17538,1
17539,1
17542,0
17543,0
17547,1
17550,0
17554,1
17562,1
17566,0
17571,1
17574,0
17579,1
17582,0
17583,0
17586,0
17587,1
17588,1
17599,1
17600,0
17601,0
17606,0
17608,1
17609,0
17611,1
17613,0
17614,1
17615,0
17616,0
17620,0
17622,1
17624,1
17626,1
17627,0
17630,0
17631,1
17632,0
17638,1
17640,1
17643,1
17646,0
17647,0
17650,0
17652,1
17653,1
17656,0
17660,0
17663,1
17664,0
17668,0
17671,0
17672,0
17678,1
17680,1
17681,0
17683,0
17688,1
17689,1
17690,0
17693,1
17700,0
17704,1
17711,0
17718,1
17720,1
17721,0
17722,1
17724,0
17728,0
17730,0
17731,0
17733,1
17735,1
17737,0
17743,1
17745,1
17746,1
17750,0
17753,1
17755,0
17757,0
17758,0
17766,0
17769,0
17770,1
17771,0
17774,1
17775,1
17782,0
17785,1
17787,0
17790,1
17793,0
17797,0
17799,0
17801,0
17802,0
17803,0
17805,1
17808,1
17809,1
17810,1
17811,0
17813,0
17818,0
17820,1
17821,1
17822,0
17823,0
17824,1
17826,1
17828,1
17830,0
17831,1
17834,1
17835,1
17837,0
17842,0
17844,0
17848,1
17849,0
17853,0
17854,0
17855,0
17856,0
17858,1
17862,0
17865,0
17869,0
17870,0
17871,0
17873,0
17874,0
17879,1
17881,1
17882,1
17883,0
17888,1
17889,0
17890,1
17893,0
17897,1
17898,0
17900,0
17901,1
17906,0
17908,0
17909,0
17912,0
17913,1
17914,0
17919,1
17920,1
17921,0
17924,1
17927,1
17929,0
17930,0
17932,0
17933,0
17934,0
17935,1
17936,0
17937,0
17939,1
17940,1
17942,0
17944,1
17945,1
17948,0
17950,0
17952,1
17954,0
17955,1
17956,0
17960,0
17962,0
17967,0
17968,1
17970,1
17975,0
17978,1
17982,0
17983,0
17984,0
17985,0
17989,1
17992,1
17995,1
17996,0
17998,1
18000,0
18001,1
18002,0
18004,1
18005,1
18006,0
18008,1
18011,0
18012,1
18013,0
18020,1
18023,1
18024,0
18025,1
18031,1
18042,0
18043,0
18044,1
18048,1
18051,1
18052,0
18058,0
18059,1
18061,0
18062,0
18070,0
18073,1
18080,0
18081,1
18093,1
18094,1
18097,0
18104,1
18105,1
18107,0
18108,0
18110,1
18113,0
18115,0
18116,1
18118,1
18119,0
18122,1
18124,0
18127,1
18129,1
18130,0
18132,0
18133,1
18136,0
18142,0
18143,0
18145,0
18146,0
18150,1
18152,1
18154,0
18158,0
18163,1
18164,0
18165,1
18166,1
18172,0
18173,1
18175,1
18176,0
18178,0
18182,1
18183,0
18184,0
18189,0
18190,1
18192,1
18193,1
18209,1
18210,0
18212,0
18214,1
18217,0
18218,0
18222,1
18226,1
18228,0
18229,0
18231,0
18233,0
18234,0
18237,0
18241,1
18242,0
18243,1
18245,0
18247,0
18249,0
18250,1
18251,1
18252,0
18259,1
18260,0
18263,1
18268,0
18270,0
18272,1
18274,0
18276,1
18277,1
18279,1
18280,0
18281,0
18282,1
18283,1
18285,0
18287,1
18288,1
18289,1
18290,1
18292,1
18293,0
18297,0
18298,1
18299,0
18300,1
18301,0
18305,0
18308,1
18310,1
18317,0
18319,0
18322,1
18325,1
18327,1
18328,1
18330,1
18331,1
18332,1
18333,0
18335,1
18337,1
18338,0
18340,0
18341,0
18343,1
18345,0
18347,0
18351,1
18352,1
18355,0
18356,1
18357,0
18358,0
18359,1
18360,0
18361,0
18364,0
18368,0
18371,0
18374,1
18377,0
18379,1
18381,1
18382,1
18387,1
18388,0
18391,1
18395,0
18396,0
18398,0
18402,1
18403,0
18405,0
18407,1
18412,0
18413,0
18416,0
18420,1
18424,0
18426,0
18432,0
18436,0
18437,0
18440,0
18443,0
18446,1
18449,1
18450,1
18451,0
18455,0
18456,1
18457,1
18460,0
18461,0
18462,0
18463,1
18465,0
18475,1
18477,1
18478,0
